Model,Log-Likelihood,mu,alpha,beta,mu_buy,mu_sell,alpha_bb,alpha_ss,alpha_bs,alpha_sb,c
Univariate,27254.60507563172,2.5163130310873543,0.8972201621638637,136872.2642089181,,,,,,,
Exponential,9884.008314803577,,,66.7522938888625,0.3731160717864459,1.1272855133171402,0.7614873210674794,0.6814620748600356,0.0,0.0,
Power-law,4042.076500988893,,,2.759730019060118,2.6756014079939705,5.373315128567372,0.27502333938218665,0.27502333938218665,0.27502333938218665,0.18100674952349707,0.9059834101413105
